{"initial_reset_timestamp": 1606991625.5653021, "timestamps": [1606991659.3980374], "episode_lengths": [1000], "episode_rewards": [-43.352139188599395], "episode_types": ["t", "t"]}