{"initial_reset_timestamp": 1606990253.1277685, "timestamps": [1606990261.5226023, 1606990268.5225282, 1606990275.4394355, 1606990280.820975, 1606990286.6823647, 1606990293.2129726, 1606990299.6268885, 1606990305.0171509, 1606990314.248776, 1606990319.2549577], "episode_lengths": [239, 209, 305, 227, 263, 300, 273, 225, 275, 213], "episode_rewards": [261.30202206746753, 278.4057578650484, 245.3039749251723, 266.3520831140522, 283.44075841827373, 274.76091571380744, 281.3739705340241, 305.4908044595346, 261.83844316603256, 245.89526545212206], "episode_types": ["t", "t", "t", "t", "t", "t", "t", "t", "t", "t"]}