{"initial_reset_timestamp": 1606939174.1903267, "timestamps": [1606939185.0208528, 1606939196.182182, 1606939206.6118054], "episode_lengths": [311, 332, 489], "episode_rewards": [-85.34964196729932, -215.43172891720388, 236.07690301075766], "episode_types": ["t", "t", "t", "t"]}