{"initial_reset_timestamp": 1606941158.4004562, "timestamps": [1606941170.6241837, 1606941180.4237788, 1606941185.028207], "episode_lengths": [353, 291, 203], "episode_rewards": [-261.2880554674764, -211.9438360458847, -24.927386592367597], "episode_types": ["t", "t", "t", "t"]}