{"initial_reset_timestamp": 1607081664.0430408, "timestamps": [1607081669.0133007, 1607081673.706708, 1607081677.1364176, 1607081680.343408, 1607081683.8404527, 1607081687.7377365, 1607081691.2409012, 1607081694.6098404, 1607081699.1938834, 1607081702.8067846], "episode_lengths": [132, 138, 133, 127, 141, 156, 137, 136, 135, 138], "episode_rewards": [-132.0, -138.0, -133.0, -127.0, -141.0, -156.0, -137.0, -136.0, -135.0, -138.0], "episode_types": ["t", "t", "t", "t", "t", "t", "t", "t", "t", "t"]}