{"initial_reset_timestamp": 1606989563.2250085, "timestamps": [1606989570.2369578, 1606989579.7931612, 1606989585.4132946, 1606989591.7156038, 1606989596.25823, 1606989604.8049939, 1606989610.5834332, 1606989618.932755, 1606989632.4507911, 1606989637.8354938], "episode_lengths": [197, 285, 257, 286, 207, 389, 261, 381, 403, 243], "episode_rewards": [-152.9030347373295, 279.2673506657258, 272.53446206472347, 250.6372044496684, -115.11301242181923, 250.70598313107274, 251.19912493106264, 235.2008474157615, 235.66929375407628, -26.199069710502158], "episode_types": ["t", "t", "t", "t", "t", "t", "t", "t", "t", "t"]}