{"initial_reset_timestamp": 1606931193.7868707, "timestamps": [1606931202.7960312, 1606931207.5956151, 1606931211.2577183, 1606931216.480383, 1606931219.8970528, 1606931233.2050107, 1606931237.1252778, 1606931243.296273, 1606931251.1337972, 1606931254.395111], "episode_lengths": [257, 142, 157, 234, 159, 613, 167, 278, 233, 143], "episode_rewards": [-48.21391339602961, -714.868197861997, -673.3938258517749, -188.70352761904752, -695.1851996346668, -135.9657957020009, -11.253362986658303, -2.446572011681596, -157.14977869693132, -654.0541845019751], "episode_types": ["t", "t", "t", "t", "t", "t", "t", "t", "t", "t"]}