{"initial_reset_timestamp": 1607077045.3836322, "timestamps": [1607077079.3486915, 1607077112.8015327, 1607077135.7115586, 1607077159.8056917, 1607077183.2208302, 1607077207.6412787, 1607077231.7926514, 1607077255.8430212, 1607077289.3097382, 1607077312.8131611], "episode_lengths": [1000, 1000, 1000, 1000, 1000, 1000, 1000, 1000, 1000, 1000], "episode_rewards": [92.0741899357798, 94.7164043488394, 115.01013070320833, 96.23855879313308, 49.33056148522223, 89.2789540391106, 81.31066832285495, 96.84647347256447, 96.51945325687318, 123.38184128262496], "episode_types": ["t", "t", "t", "t", "t", "t", "t", "t", "t", "t"]}