{"initial_reset_timestamp": 1607081888.6340241, "timestamps": [1607081893.0715203, 1607081897.0858147, 1607081900.1182613, 1607081903.2178078, 1607081906.9312017, 1607081909.8425136, 1607081912.7371876, 1607081915.9422302, 1607081920.0462563, 1607081922.9844687], "episode_lengths": [117, 118, 121, 121, 152, 119, 118, 128, 121, 117], "episode_rewards": [-117.0, -118.0, -121.0, -121.0, -152.0, -119.0, -118.0, -128.0, -121.0, -117.0], "episode_types": ["t", "t", "t", "t", "t", "t", "t", "t", "t", "t"]}