{"initial_reset_timestamp": 1607082397.5177507, "timestamps": [1607082431.401906, 1607082464.88197, 1607082488.8440385, 1607082512.9612954, 1607082536.984311, 1607082560.9976578, 1607082585.1100547, 1607082609.3061674, 1607082644.125209, 1607082669.3659232], "episode_lengths": [1000, 1000, 1000, 1000, 1000, 1000, 1000, 1000, 1000, 1000], "episode_rewards": [83.4189277756671, 46.46157904254279, 73.9085499181955, 61.24380098848343, 77.86336007237546, 93.44857223025393, 67.28665057468972, 20.083884294674753, 23.691802068537626, 22.615192342021277], "episode_types": ["t", "t", "t", "t", "t", "t", "t", "t", "t", "t"]}